reward_per_session,reward_per_switch,switches,model,cond
0.6957123098201936,7.397058823529412,68,Mouse,80-20
0.7125,9.5,60,Mouse,80-20
0.7003891050583657,10.384615384615385,52,Mouse,80-20
0.696078431372549,13.209302325581396,43,Mouse,80-20
0.7420333839150227,12.868421052631579,38,Mouse,80-20
0.7255871446229913,10.482142857142858,56,Mouse,80-20
0.6649145860709592,9.547169811320755,53,Mouse,80-20
0.6733167082294265,12.272727272727273,44,Mouse,80-20
0.6648590021691974,6.811111111111111,90,Mouse,80-20
0.6960526315789474,16.03030303030303,33,Mouse,80-20
0.6520618556701031,10.326530612244898,49,Mouse,80-20
0.6815980629539952,16.085714285714285,35,Mouse,80-20
0.7204301075268817,19.451612903225808,31,Mouse,80-20
0.7313797313797313,13.021739130434783,46,Mouse,80-20
0.6535031847133758,9.160714285714286,56,Mouse,80-20
0.660122699386503,4.2362204724409445,127,Mouse,80-20
0.7416563658838071,19.35483870967742,31,Mouse,80-20
0.7263681592039801,16.22222222222222,36,Mouse,80-20
0.7074829931972789,14.344827586206897,29,Mouse,80-20
0.7014705882352941,14.029411764705882,34,Mouse,80-20
0.7118226600985221,10.90566037735849,53,Mouse,80-20
0.7314487632508834,11.5,54,Mouse,80-20
0.7167553191489362,17.966666666666665,30,Mouse,80-20
0.7257240204429302,8.875,48,Mouse,80-20
0.7256756756756757,18.517241379310345,29,Mouse,80-20
0.7367088607594937,16.166666666666668,36,Mouse,80-20
0.7010178117048346,8.348484848484848,66,Mouse,80-20
0.700709219858156,9.320754716981131,53,Mouse,80-20
0.6935123042505593,10.333333333333334,60,Mouse,80-20
0.7403314917127072,8.121212121212121,66,Mouse,80-20
0.7217928902627512,11.390243902439025,41,Mouse,80-20
0.6950819672131148,8.653061224489797,49,Mouse,80-20
0.7234375,9.851063829787234,47,Mouse,80-20
0.684971098265896,6.970588235294118,68,Mouse,80-20
0.6939281288723668,7.17948717948718,78,Mouse,80-20
0.7052186177715092,7.6923076923076925,65,Mouse,80-20
0.7148760330578512,10.8125,48,Mouse,80-20
0.7291220556745182,8.844155844155845,77,Mouse,80-20
0.7069716775599129,8.215189873417721,79,Mouse,80-20
0.7034632034632035,13.26530612244898,49,Mouse,80-20
0.6854838709677419,6.538461538461538,52,Mouse,80-20
0.6143344709897611,8.181818181818182,44,Mouse,80-20
0.6928571428571428,5.791044776119403,67,Mouse,80-20
0.7006472491909385,7.216666666666667,60,Mouse,80-20
0.6916376306620209,8.10204081632653,49,Mouse,80-20
0.6191135734072022,6.208333333333333,72,Mouse,80-20
0.7302631578947368,9.061224489795919,49,Mouse,80-20
0.7238095238095238,9.12,50,Mouse,80-20
0.7164429530201343,9.085106382978724,47,Mouse,80-20
0.7245696400625978,13.617647058823529,34,Mouse,80-20
0.687964338781575,10.065217391304348,46,Mouse,80-20
0.7012987012987013,11.675675675675675,37,Mouse,80-20
0.7176684881602914,8.040816326530612,49,Mouse,80-20
0.7401315789473685,15.517241379310345,29,Mouse,80-20
0.6916488222698073,6.09433962264151,53,Mouse,80-20
0.6221198156682027,5.1923076923076925,78,Mouse,80-20
0.6726384364820847,7.245614035087719,57,Mouse,80-20
0.7099125364431487,7.268656716417911,67,Mouse,80-20
0.7146892655367232,12.341463414634147,41,Mouse,80-20
0.6684210526315789,10.583333333333334,48,Mouse,80-20
0.7166437414030261,10.215686274509803,51,Mouse,80-20
0.6773255813953488,8.321428571428571,56,Mouse,80-20
0.6940966010733453,7.76,100,Mouse,80-20
0.727741935483871,14.842105263157896,38,Mouse,80-20
0.6736214605067065,7.793103448275862,58,Mouse,80-20
0.6875,13.391304347826088,46,Mouse,80-20
0.6621438263229308,8.413793103448276,58,Mouse,80-20
0.6345885634588564,9.680851063829786,47,Mouse,80-20
0.6872852233676976,10.344827586206897,58,Mouse,80-20
0.6633663366336634,15.314285714285715,35,Mouse,80-20
0.7024221453287197,16.026315789473685,38,Mouse,80-20
0.6908442330558858,20.03448275862069,29,Mouse,80-20
0.6923990498812351,17.666666666666668,33,Mouse,80-20
0.7187878787878788,17.96969696969697,33,Mouse,80-20
0.714859437751004,22.967741935483872,31,Mouse,80-20
0.6699147381242387,17.741935483870968,31,Mouse,80-20
0.7282352941176471,44.214285714285715,14,Mouse,80-20
0.6663254861821903,9.863636363636363,66,Mouse,80-20
0.7072538860103627,21.84,25,Mouse,80-20
0.6475826972010178,11.837209302325581,43,Mouse,80-20
0.6716417910447762,12.0,45,Mouse,80-20
0.7011349306431274,15.027027027027026,37,Mouse,80-20
0.6687370600414079,5.046875,64,Mouse,80-20
0.6979969183359014,8.089285714285714,56,Mouse,80-20
0.6637055837563451,9.017241379310345,58,Mouse,80-20
0.7117224880382775,11.018518518518519,54,Mouse,80-20
0.694019471488178,6.397435897435898,78,Mouse,80-20
0.653566229985444,7.483333333333333,60,Mouse,80-20
0.6975308641975309,6.420454545454546,88,Mouse,80-20
0.7231638418079096,25.6,20,Mouse,80-20
0.7326869806094183,18.24137931034483,29,Mouse,80-20
0.7356770833333334,12.840909090909092,44,Mouse,80-20
0.6648351648351648,16.689655172413794,29,Mouse,80-20
0.6779411764705883,14.40625,32,Mouse,80-20
0.7274011299435028,17.166666666666668,30,Mouse,80-20
0.7123695976154992,9.755102040816327,49,Mouse,80-20
0.7293144208037825,15.425,40,Mouse,80-20
0.702774108322325,19.703703703703702,27,Mouse,80-20
0.6858407079646017,17.22222222222222,36,Mouse,80-20
0.7132075471698113,24.652173913043477,23,Mouse,80-20
0.6805555555555556,13.78125,32,Mouse,80-20
0.7086705202312139,15.325,40,Mouse,80-20
0.7284263959390863,12.755555555555556,45,Mouse,80-20
0.7363636363636363,17.71875,32,Mouse,80-20
0.7425997425997426,23.08,25,Mouse,80-20
0.6829896907216495,11.041666666666666,48,Mouse,80-20
0.71267252195734,10.716981132075471,53,Mouse,80-20
0.6198198198198198,4.410256410256411,78,Mouse,80-20
0.6826241134751773,4.63855421686747,83,Mouse,80-20
0.6810730253353204,11.717948717948717,39,Mouse,80-20
0.6110344827586207,9.040816326530612,49,Mouse,80-20
0.7026647966339411,17.275862068965516,29,Mouse,80-20
0.6860795454545454,13.054054054054054,37,Mouse,80-20
0.7010159651669086,7.666666666666667,63,Mouse,80-20
0.7245033112582782,15.628571428571428,35,Mouse,80-20
0.6972343522561864,19.958333333333332,24,Mouse,80-20
0.7111756168359942,15.3125,32,Mouse,80-20
0.6842105263157895,15.757575757575758,33,Mouse,80-20
0.6988130563798219,20.47826086956522,23,Mouse,80-20
0.7210884353741497,10.816326530612244,49,Mouse,80-20
0.6564625850340136,17.545454545454547,22,Mouse,80-20
0.7075471698113207,17.5,30,Mouse,80-20
0.6661608497723824,25.823529411764707,17,Mouse,80-20
0.7121621621621622,21.958333333333332,24,Mouse,80-20
0.7212121212121212,49.583333333333336,12,Mouse,80-20
0.7005988023952096,25.434782608695652,23,Mouse,80-20
0.7228661749209695,21.4375,32,Mouse,80-20
0.7066167290886392,19.517241379310345,29,Mouse,80-20
0.7174721189591078,30.473684210526315,19,Mouse,80-20
0.6671850699844479,23.833333333333332,18,Mouse,80-20
0.6620795107033639,36.083333333333336,12,Mouse,80-20
0.6454293628808865,17.923076923076923,26,Mouse,80-20
0.6784203102961918,15.516129032258064,31,Mouse,80-20
0.6530089628681178,10.0,51,Mouse,80-20
0.6755952380952381,5.746835443037975,79,Mouse,80-20
0.7347294938917975,8.254901960784315,51,Mouse,80-20
0.6862416107382551,5.602739726027397,73,Mouse,80-20
0.7058823529411765,9.91304347826087,46,Mouse,80-20
0.719188767550702,11.24390243902439,41,Mouse,80-20
0.7053701015965167,5.785714285714286,84,Mouse,80-20
0.7218453188602443,8.3125,64,Mouse,80-20
0.7106824925816023,5.206521739130435,92,Mouse,80-20
0.7228571428571429,8.724137931034482,58,Mouse,80-20
0.7049441786283892,5.815789473684211,76,Mouse,80-20
0.6835820895522388,6.450704225352113,71,Mouse,80-20
0.7048458149779736,7.2727272727272725,66,Mouse,80-20
0.685,4.807017543859649,114,Mouse,80-20
0.6750298685782556,16.61764705882353,34,Mouse,80-20
0.7106145251396648,8.25974025974026,77,Mouse,80-20
0.642939150401837,8.35820895522388,67,Mouse,80-20
0.6366013071895424,6.0875,80,Mouse,80-20
0.6699147381242387,6.875,80,Mouse,80-20
0.6330597889800703,7.714285714285714,70,Mouse,80-20
0.6312399355877617,6.32258064516129,62,Mouse,80-20
0.699290780141844,6.4868421052631575,76,Mouse,80-20
0.7223042836041359,11.113636363636363,44,Mouse,80-20
0.6804979253112033,7.343283582089552,67,Mouse,80-20
0.7053701015965167,10.125,48,Mouse,80-20
0.7270341207349081,9.551724137931034,58,Mouse,80-20
0.5877689694224235,11.795454545454545,44,Mouse,70-30
0.5746527777777778,7.880952380952381,42,Mouse,70-30
0.6085526315789473,8.80952380952381,63,Mouse,70-30
0.6180904522613065,10.25,48,Mouse,70-30
0.5686746987951807,10.488888888888889,45,Mouse,70-30
0.5900962861072903,9.533333333333333,45,Mouse,70-30
0.6440839694656488,11.065573770491802,61,Mouse,70-30
0.6168539325842697,11.680851063829786,47,Mouse,70-30
0.5942915392456677,11.66,50,Mouse,70-30
0.6432748538011696,15.714285714285714,35,Mouse,70-30
0.592880978865406,9.350877192982455,57,Mouse,70-30
0.6450116009280742,15.444444444444445,36,Mouse,70-30
0.6317647058823529,14.513513513513514,37,Mouse,70-30
0.5909090909090909,9.34375,64,Mouse,70-30
0.6045977011494252,15.028571428571428,35,Mouse,70-30
0.579136690647482,11.5,42,Mouse,70-30
0.5922330097087378,6.777777777777778,81,Mouse,70-30
0.5559071729957806,11.212765957446809,47,Mouse,70-30
0.5551515151515152,6.835820895522388,67,Mouse,70-30
0.6369268897149938,9.345454545454546,55,Mouse,70-30
0.6094276094276094,11.553191489361701,47,Mouse,70-30
0.6746666666666666,12.974358974358974,39,Mouse,70-30
0.6152927120669056,13.552631578947368,38,Mouse,70-30
0.6518518518518519,12.0,44,Mouse,70-30
0.5698070374574348,6.693333333333333,75,Mouse,70-30
0.6142011834319526,8.370967741935484,62,Mouse,70-30
0.5771725032425421,8.24074074074074,54,Mouse,70-30
0.6223277909738717,8.733333333333333,60,Mouse,70-30
0.6161879895561357,15.225806451612904,31,Mouse,70-30
0.6124852767962309,7.647058823529412,68,Mouse,70-30
0.6396807297605474,10.584905660377359,53,Mouse,70-30
0.6214833759590793,13.5,36,Mouse,70-30
0.6121951219512195,12.871794871794872,39,Mouse,70-30
0.6276445698166432,7.5423728813559325,59,Mouse,70-30
0.5802098950524738,7.166666666666667,54,Mouse,70-30
0.6355311355311355,7.711111111111111,45,Mouse,70-30
0.6071428571428571,8.130434782608695,46,Mouse,70-30
0.5748587570621468,9.926829268292684,41,Mouse,70-30
0.5504322766570605,6.262295081967213,61,Mouse,70-30
0.6447368421052632,9.58695652173913,46,Mouse,70-30
0.6026200873362445,5.830985915492958,71,Mouse,70-30
0.614329268292683,6.296875,64,Mouse,70-30
0.6191198786039454,6.915254237288136,59,Mouse,70-30
0.6064516129032258,6.372881355932203,59,Mouse,70-30
0.6248153618906942,5.2875,80,Mouse,70-30
0.6012269938650306,5.9393939393939394,66,Mouse,70-30
0.5659340659340659,4.724770642201835,109,Mouse,70-30
0.6181533646322379,8.061224489795919,49,Mouse,70-30
0.5854037267080745,8.195652173913043,46,Mouse,70-30
0.6276445698166432,6.846153846153846,65,Mouse,70-30
0.5470737913486005,8.11320754716981,53,Mouse,70-30
0.5856777493606138,6.9393939393939394,66,Mouse,70-30
0.6059743954480796,7.220338983050848,59,Mouse,70-30
0.5966620305980529,6.128571428571429,70,Mouse,70-30
0.5793871866295265,5.265822784810126,79,Mouse,70-30
0.6145454545454545,6.76,75,Mouse,70-30
0.6042713567839196,6.246753246753247,77,Mouse,70-30
0.597457627118644,6.042857142857143,70,Mouse,70-30
0.6545209176788124,7.578125,64,Mouse,70-30
0.6164199192462988,15.793103448275861,29,Mouse,70-30
0.5777777777777777,7.491525423728813,59,Mouse,70-30
0.593421052631579,6.442857142857143,70,Mouse,70-30
0.5910987482614742,6.640625,64,Mouse,70-30
0.5943262411347517,4.505376344086022,93,Mouse,70-30
0.6148555708390646,7.327868852459017,61,Mouse,70-30
0.6090775988286969,8.32,50,Mouse,70-30
0.5595238095238095,6.409090909090909,66,Mouse,70-30
0.5691056910569106,6.5625,64,Mouse,70-30
0.561624649859944,5.897058823529412,68,Mouse,70-30
0.5471698113207547,4.192771084337349,83,Mouse,70-30
0.5795454545454546,4.08,100,Mouse,70-30
0.6468200270635994,5.431818181818182,88,Mouse,70-30
0.5596707818930041,9.714285714285714,42,Mouse,70-30
0.649016641452345,26.8125,16,Mouse,70-30
0.621676891615542,17.88235294117647,34,Mouse,70-30
0.554531490015361,14.44,25,Mouse,70-30
0.6492271105826397,18.2,30,Mouse,70-30
0.6,8.661290322580646,62,Mouse,70-30
0.5719512195121951,7.9491525423728815,59,Mouse,70-30
0.5744920993227991,11.837209302325581,43,Mouse,70-30
0.5381984036488028,10.976744186046512,43,Mouse,70-30
0.5856992639327024,7.63013698630137,73,Mouse,70-30
0.5964912280701754,8.793103448275861,58,Mouse,70-30
0.5970654627539503,5.186274509803922,102,Mouse,70-30
0.5997666277712952,8.03125,64,Mouse,70-30
0.6051454138702461,8.074626865671641,67,Mouse,70-30
0.613947696139477,7.25,68,Mouse,70-30
0.602996254681648,8.186440677966102,59,Mouse,70-30
0.5791324736225087,4.186440677966102,118,Mouse,70-30
0.5759562841530055,5.791208791208791,91,Mouse,70-30
0.5951115834218916,7.17948717948718,78,Mouse,70-30
0.5719424460431655,8.833333333333334,54,Mouse,70-30
0.5531428571428572,8.8,55,Mouse,70-30
0.5819477434679335,5.632183908045977,87,Mouse,70-30
0.5875576036866359,5.425531914893617,94,Mouse,70-30
0.6129753914988815,7.0256410256410255,78,Mouse,70-30
0.5885416666666666,7.434210526315789,76,Mouse,70-30
0.5868814729574223,5.930232558139535,86,Mouse,70-30
0.6510344827586206,9.076923076923077,52,Mouse,70-30
0.6378378378378379,8.280701754385966,57,Mouse,70-30
0.6237113402061856,8.203389830508474,59,Mouse,70-30
0.6127320954907162,5.435294117647059,85,Mouse,70-30
0.5674019607843137,6.173333333333333,75,Mouse,70-30
0.6504739336492891,10.98,50,Mouse,70-30
0.5628342245989305,3.725663716814159,113,Mouse,70-30
0.5725190839694656,5.421686746987952,83,Mouse,70-30
0.6257062146892656,6.921875,64,Mouse,70-30
0.5770440251572327,2.8671875,128,Mouse,70-30
0.5891980360065466,3.75,96,Mouse,70-30
0.5371024734982333,3.1020408163265305,98,Mouse,70-30
0.6239782016348774,6.026315789473684,76,Mouse,70-30
0.6029810298102981,4.405940594059406,101,Mouse,70-30
0.6164772727272727,5.166666666666667,84,Mouse,70-30
0.5730918499353169,9.425531914893616,47,Mouse,70-30
0.6033254156769596,8.912280701754385,57,Mouse,70-30
0.5825082508250825,13.576923076923077,26,Mouse,70-30
0.6288848263254113,10.75,32,Mouse,70-30
0.5634588563458857,10.631578947368421,38,Mouse,70-30
0.6074766355140186,13.333333333333334,39,Mouse,70-30
0.5626822157434402,7.568627450980392,51,Mouse,70-30
0.5766016713091922,14.785714285714286,28,Mouse,70-30
0.6177514792899408,8.847457627118644,59,Mouse,70-30
0.6410635155096012,14.0,31,Mouse,70-30
0.6123959296947271,11.033333333333333,60,Mouse,70-30
0.5906515580736544,13.451612903225806,31,Mouse,70-30
0.6028985507246377,16.64,25,Mouse,70-30
0.6100861008610086,9.358490566037736,53,Mouse,70-30
0.5822959889349931,11.694444444444445,36,Mouse,70-30
0.5744400527009222,13.625,32,Mouse,70-30
0.632,14.552631578947368,38,Mouse,70-30
0.5785714285714286,15.67741935483871,31,Mouse,70-30
0.575,16.428571428571427,28,Mouse,70-30
0.6064516129032258,14.6875,32,Mouse,70-30
0.581646423751687,17.958333333333332,24,Mouse,70-30
0.5438356164383562,9.925,40,Mouse,70-30
0.5859969558599696,10.131578947368421,38,Mouse,70-30
0.5951327433628318,7.685714285714286,70,Mouse,70-30
0.5836431226765799,7.359375,64,Mouse,70-30
0.5836385836385837,5.139784946236559,93,Mouse,70-30
0.5857338820301783,5.8493150684931505,73,Mouse,70-30
0.6181102362204725,6.116883116883117,77,Mouse,70-30
0.580110497237569,5.7534246575342465,73,Mouse,70-30
0.5699088145896657,3.3783783783783785,111,Mouse,70-30
0.6211699164345403,5.792207792207792,77,Mouse,70-30
0.6046831955922864,5.353658536585366,82,Mouse,70-30
0.54521625163827,7.298245614035087,57,Mouse,70-30
0.5701219512195121,6.56140350877193,57,Mouse,70-30
0.5679862306368331,4.342105263157895,76,Mouse,70-30
0.5856443719412724,6.527272727272727,55,Mouse,70-30
0.6055312954876274,5.2,80,Mouse,70-30
0.5994194484760522,5.9855072463768115,69,Mouse,70-30
0.5913818722139673,11.705882352941176,34,Mouse,70-30
0.6029411764705882,5.3478260869565215,23,Mouse,70-30
0.5945578231292517,43.7,10,Mouse,70-30
0.594626168224299,28.27777777777778,18,Mouse,70-30
0.6382716049382716,32.3125,16,Mouse,70-30
0.6203473945409429,14.423076923076923,52,Mouse,70-30
0.5927099841521395,28.76923076923077,13,Mouse,70-30
0.60984393757503,28.22222222222222,18,Mouse,70-30
0.6129032258064516,19.0,26,Mouse,70-30
0.6354166666666666,14.352941176470589,34,Mouse,70-30
0.5663189269746647,20.0,19,Mouse,70-30
0.5628019323671497,17.25925925925926,27,Mouse,70-30
0.5914221218961625,19.40740740740741,27,Mouse,70-30
0.5683646112600537,17.666666666666668,24,Mouse,70-30
0.596401028277635,18.56,25,Mouse,70-30
0.64004914004914,43.416666666666664,12,Mouse,70-30
0.5427841634738186,19.318181818181817,22,Mouse,70-30
0.5880052151238592,19.608695652173914,23,Mouse,70-30
0.5769745649263721,20.523809523809526,21,Mouse,70-30
0.5822222222222222,10.916666666666666,48,Mouse,70-30
0.6344444444444445,12.41304347826087,46,Mouse,70-30
0.5725900116144018,9.12962962962963,54,Mouse,70-30
0.5806831566548881,13.694444444444445,36,Mouse,70-30
0.5972222222222222,15.766666666666667,30,Mouse,70-30
0.618437900128041,15.580645161290322,31,Mouse,70-30
0.6123234916559692,26.5,18,Mouse,70-30
0.5885558583106267,14.4,30,Mouse,70-30
0.5602836879432624,18.96,25,Mouse,70-30
0.599502487562189,34.42857142857143,14,Mouse,70-30
0.5850144092219021,23.88235294117647,17,Mouse,70-30
0.5159944367176634,11.96774193548387,31,Mouse,70-30
0.5693430656934306,16.956521739130434,23,Mouse,70-30
0.5918367346938775,18.125,24,Mouse,70-30
0.5921052631578947,28.928571428571427,14,Mouse,70-30
0.6308724832214765,20.142857142857142,14,Mouse,70-30
0.5902097902097903,32.46153846153846,13,Mouse,70-30
0.6091245376078915,13.0,38,Mouse,70-30
0.541135573580533,22.238095238095237,21,Mouse,70-30
0.5551020408163265,22.666666666666668,18,Mouse,70-30
0.5440931780366056,15.571428571428571,21,Mouse,70-30
0.5799739921976593,31.857142857142858,14,Mouse,70-30
0.537467700258398,29.714285714285715,14,Mouse,70-30
0.575880758807588,30.357142857142858,14,Mouse,70-30
0.5832376578645235,8.758620689655173,58,Mouse,70-30
0.5613825983313468,8.120689655172415,58,Mouse,70-30
0.6242118537200504,9.166666666666666,54,Mouse,70-30
0.5955967555040557,17.133333333333333,30,Mouse,70-30
0.5529411764705883,35.25,12,Mouse,70-30
0.5610599078341014,60.875,8,Mouse,70-30
0.7026279391424619,4.456140350877193,114,HMM,80-20
0.70875,4.805084745762712,118,HMM,80-20
0.7068741893644618,4.6581196581196584,117,HMM,80-20
0.75,6.181818181818182,99,HMM,80-20
0.7283763277693475,5.714285714285714,84,HMM,80-20
0.7342398022249691,5.5,108,HMM,80-20
0.7174770039421814,5.405940594059406,101,HMM,80-20
0.7443890274314214,6.154639175257732,97,HMM,80-20
0.7288503253796096,4.450331125827814,151,HMM,80-20
0.7118421052631579,4.2265625,128,HMM,80-20
0.7074742268041238,4.732758620689655,116,HMM,80-20
0.6924939467312349,4.46875,128,HMM,80-20
0.7228195937873357,5.307017543859649,114,HMM,80-20
0.717948717948718,4.819672131147541,122,HMM,80-20
0.7184713375796178,5.222222222222222,108,HMM,80-20
0.7325153374233129,5.97,100,HMM,80-20
0.7317676143386898,4.813008130081301,123,HMM,80-20
0.7400497512437811,5.666666666666667,105,HMM,80-20
0.70578231292517,4.462365591397849,93,HMM,80-20
0.6720588235294118,3.3851851851851853,135,HMM,80-20
0.7450738916256158,5.127118644067797,118,HMM,80-20
0.71849234393404,4.656488549618321,131,HMM,80-20
0.6835106382978723,3.953846153846154,130,HMM,80-20
0.7240204429301533,5.0,85,HMM,80-20
0.7081081081081081,4.09375,128,HMM,80-20
0.740506329113924,5.518867924528302,106,HMM,80-20
0.6997455470737913,4.661016949152542,118,HMM,80-20
0.7134751773049646,3.992063492063492,126,HMM,80-20
0.7505592841163311,4.792857142857143,140,HMM,80-20
0.6975138121546961,4.243697478991597,119,HMM,80-20
0.7372488408037094,7.2272727272727275,66,HMM,80-20
0.7065573770491803,4.585106382978723,94,HMM,80-20
0.7109375,5.548780487804878,82,HMM,80-20
0.6763005780346821,3.2275862068965515,145,HMM,80-20
0.6728624535315985,3.8785714285714286,140,HMM,80-20
0.7023977433004231,3.890625,128,HMM,80-20
0.7341597796143251,4.675438596491228,114,HMM,80-20
0.7109207708779444,5.03030303030303,132,HMM,80-20
0.7200435729847494,4.896296296296296,135,HMM,80-20
0.7056277056277056,4.496551724137931,145,HMM,80-20
0.719758064516129,5.3283582089552235,67,HMM,80-20
0.689419795221843,3.9607843137254903,102,HMM,80-20
0.7732142857142857,6.765625,64,HMM,80-20
0.7168284789644013,4.43,100,HMM,80-20
0.7630662020905923,4.659574468085107,94,HMM,80-20
0.739612188365651,5.505154639175258,97,HMM,80-20
0.7072368421052632,4.095238095238095,105,HMM,80-20
0.6857142857142857,4.037383177570093,107,HMM,80-20
0.6543624161073825,3.0708661417322833,127,HMM,80-20
0.7183098591549296,4.413461538461538,104,HMM,80-20
0.6998514115898959,4.060344827586207,116,HMM,80-20
0.702922077922078,3.5491803278688523,122,HMM,80-20
0.7285974499089253,4.395604395604396,91,HMM,80-20
0.7417763157894737,4.421568627450981,102,HMM,80-20
0.728051391862955,4.415584415584416,77,HMM,80-20
0.6897081413210445,4.1192660550458715,109,HMM,80-20
0.7182410423452769,4.546391752577319,97,HMM,80-20
0.6982507288629738,4.3545454545454545,110,HMM,80-20
0.7429378531073446,6.116279069767442,86,HMM,80-20
0.6881578947368421,3.8175182481751824,137,HMM,80-20
0.7152682255845942,5.2,100,HMM,80-20
0.7412790697674418,4.678899082568807,109,HMM,80-20
0.6878354203935599,3.864321608040201,199,HMM,80-20
0.7161290322580646,5.663265306122449,98,HMM,80-20
0.7377049180327869,4.852941176470588,102,HMM,80-20
0.7589285714285714,6.181818181818182,110,HMM,80-20
0.7272727272727273,5.254901960784314,102,HMM,80-20
0.7224546722454672,5.232323232323233,99,HMM,80-20
0.6701030927835051,3.4011627906976742,172,HMM,80-20
0.7326732673267327,5.481481481481482,108,HMM,80-20
0.7231833910034602,3.91875,160,HMM,80-20
0.6956004756242569,3.979591836734694,147,HMM,80-20
0.6745843230403801,3.641025641025641,156,HMM,80-20
0.7236363636363636,4.776,125,HMM,80-20
0.7088353413654619,3.8369565217391304,184,HMM,80-20
0.7113276492082826,5.168141592920354,113,HMM,80-20
0.7258823529411764,4.57037037037037,135,HMM,80-20
0.7195496417604913,4.564935064935065,154,HMM,80-20
0.7240932642487047,4.9035087719298245,114,HMM,80-20
0.7022900763358778,4.416,125,HMM,80-20
0.7325870646766169,6.26595744680851,94,HMM,80-20
0.7137452711223203,4.756302521008403,119,HMM,80-20
0.7080745341614907,4.329113924050633,79,HMM,80-20
0.7134052388289677,4.584158415841584,101,HMM,80-20
0.700507614213198,4.150375939849624,133,HMM,80-20
0.7284688995215312,6.34375,96,HMM,80-20
0.7204450625869263,5.232323232323233,99,HMM,80-20
0.6928675400291121,3.71875,128,HMM,80-20
0.7283950617283951,5.673076923076923,104,HMM,80-20
0.7203389830508474,5.368421052631579,95,HMM,80-20
0.6980609418282548,3.574468085106383,141,HMM,80-20
0.7578125,6.466666666666667,90,HMM,80-20
0.7417582417582418,5.454545454545454,99,HMM,80-20
0.6779411764705883,3.717741935483871,124,HMM,80-20
0.7372881355932204,6.214285714285714,84,HMM,80-20
0.7645305514157973,6.107142857142857,84,HMM,80-20
0.7222222222222222,4.525925925925926,135,HMM,80-20
0.6842800528401585,4.886792452830188,106,HMM,80-20
0.7267699115044248,5.1328125,128,HMM,80-20
0.6742138364779874,3.7222222222222223,144,HMM,80-20
0.7191358024691358,5.1208791208791204,91,HMM,80-20
0.7109826589595376,4.489051094890511,137,HMM,80-20
0.7309644670050761,4.923076923076923,117,HMM,80-20
0.7116883116883117,4.6440677966101696,118,HMM,80-20
0.7323037323037324,4.480314960629921,127,HMM,80-20
0.6997422680412371,4.309523809523809,126,HMM,80-20
0.7302383939774153,4.582677165354331,127,HMM,80-20
0.6738738738738739,4.1098901098901095,91,HMM,80-20
0.7322695035460993,5.506666666666667,75,HMM,80-20
0.7168405365126677,5.010416666666667,96,HMM,80-20
0.6951724137931035,4.3076923076923075,117,HMM,80-20
0.729312762973352,5.098039215686274,102,HMM,80-20
0.7045454545454546,3.9365079365079363,126,HMM,80-20
0.7793904208998549,8.014925373134329,67,HMM,80-20
0.6913907284768211,3.7553956834532376,139,HMM,80-20
0.6652110625909753,3.685483870967742,124,HMM,80-20
0.6690856313497823,3.717741935483871,124,HMM,80-20
0.7342105263157894,4.810344827586207,116,HMM,80-20
0.7314540059347181,4.695238095238095,105,HMM,80-20
0.691156462585034,3.96875,128,HMM,80-20
0.717687074829932,5.0843373493975905,83,HMM,80-20
0.7479784366576819,5.336538461538462,104,HMM,80-20
0.7253414264036419,3.950413223140496,121,HMM,80-20
0.7162162162162162,5.578947368421052,95,HMM,80-20
0.7672727272727272,5.754545454545455,110,HMM,80-20
0.6634730538922156,3.3575757575757574,165,HMM,80-20
0.7186512118018967,4.703448275862069,145,HMM,80-20
0.7590511860174781,5.62962962962963,108,HMM,80-20
0.7087980173482032,4.3007518796992485,133,HMM,80-20
0.71850699844479,4.317757009345795,107,HMM,80-20
0.7247706422018348,4.647058823529412,102,HMM,80-20
0.7049861495844876,4.313559322033898,118,HMM,80-20
0.7193229901269393,5.3125,96,HMM,80-20
0.7170294494238156,4.409448818897638,127,HMM,80-20
0.7053571428571429,3.618320610687023,131,HMM,80-20
0.7085514834205934,4.951219512195122,82,HMM,80-20
0.7197986577181208,4.5638297872340425,94,HMM,80-20
0.7352941176470589,6.25,76,HMM,80-20
0.6973478939157566,3.853448275862069,116,HMM,80-20
0.6923076923076923,3.697674418604651,129,HMM,80-20
0.6797829036635007,4.318965517241379,116,HMM,80-20
0.6988130563798219,3.3642857142857143,140,HMM,80-20
0.7185714285714285,5.239583333333333,96,HMM,80-20
0.6905901116427432,4.706521739130435,92,HMM,80-20
0.6985074626865672,5.142857142857143,91,HMM,80-20
0.7136563876651982,5.34065934065934,91,HMM,80-20
0.73125,5.679611650485437,103,HMM,80-20
0.7299880525686977,4.7734375,128,HMM,80-20
0.7162011173184357,4.819548872180451,133,HMM,80-20
0.6819747416762342,3.9078947368421053,152,HMM,80-20
0.6823529411764706,3.2625,160,HMM,80-20
0.6894031668696712,4.071942446043166,139,HMM,80-20
0.7092614302461899,3.9285714285714284,154,HMM,80-20
0.7552334943639292,5.0978260869565215,92,HMM,80-20
0.750354609929078,5.943820224719101,89,HMM,80-20
0.7429837518463811,4.883495145631068,103,HMM,80-20
0.7344398340248963,5.589473684210526,95,HMM,80-20
0.7242380261248186,4.9405940594059405,101,HMM,80-20
0.7349081364829396,5.233644859813084,107,HMM,80-20
0.6206115515288788,2.8541666666666665,192,HMM,70-30
0.6128472222222222,2.3691275167785233,149,HMM,70-30
0.6195175438596491,3.0376344086021505,186,HMM,70-30
0.5904522613065326,2.486772486772487,189,HMM,70-30
0.608433734939759,2.6030927835051547,194,HMM,70-30
0.6341127922971114,2.9177215189873418,158,HMM,70-30
0.6001908396946565,2.4763779527559056,254,HMM,70-30
0.6078651685393258,3.0055555555555555,180,HMM,70-30
0.6513761467889908,3.3108808290155443,193,HMM,70-30
0.6269005847953216,2.5893719806763285,207,HMM,70-30
0.5984427141268076,2.6372549019607843,204,HMM,70-30
0.6299303944315545,2.873015873015873,189,HMM,70-30
0.6141176470588235,2.4976076555023923,209,HMM,70-30
0.6096837944664032,2.458167330677291,251,HMM,70-30
0.6218390804597701,2.481651376146789,218,HMM,70-30
0.5767386091127098,2.176470588235294,221,HMM,70-30
0.6429341963322546,3.088082901554404,193,HMM,70-30
0.6223628691983122,2.8640776699029127,206,HMM,70-30
0.5709090909090909,2.0748898678414096,227,HMM,70-30
0.5762081784386617,2.569060773480663,181,HMM,70-30
0.6318742985409652,2.6937799043062203,209,HMM,70-30
0.652,3.0185185185185186,162,HMM,70-30
0.5949820788530465,2.1842105263157894,228,HMM,70-30
0.6172839506172839,2.2522522522522523,222,HMM,70-30
0.5800227014755959,2.607142857142857,196,HMM,70-30
0.6094674556213018,2.6822916666666665,192,HMM,70-30
0.622568093385214,2.823529411764706,170,HMM,70-30
0.6140142517814727,2.8722222222222222,180,HMM,70-30
0.587467362924282,2.4193548387096775,186,HMM,70-30
0.6124852767962309,2.694300518134715,193,HMM,70-30
0.6385404789053591,3.2,175,HMM,70-30
0.5588235294117647,2.142156862745098,204,HMM,70-30
0.6012195121951219,2.5544041450777204,193,HMM,70-30
0.5966149506346967,2.4593023255813953,172,HMM,70-30
0.6071964017991005,2.6821192052980134,151,HMM,70-30
0.6318681318681318,3.0,115,HMM,70-30
0.6347402597402597,3.0076923076923077,130,HMM,70-30
0.615819209039548,2.6265060240963853,166,HMM,70-30
0.6152737752161384,2.6358024691358026,162,HMM,70-30
0.6169590643274854,2.5269461077844313,167,HMM,70-30
0.6026200873362445,2.4939759036144578,166,HMM,70-30
0.6310975609756098,2.8551724137931034,145,HMM,70-30
0.6069802731411229,2.5316455696202533,158,HMM,70-30
0.603225806451613,2.4444444444444446,153,HMM,70-30
0.5923190546528804,2.3588235294117648,170,HMM,70-30
0.6687116564417178,3.40625,128,HMM,70-30
0.6263736263736264,2.7941176470588234,204,HMM,70-30
0.6197183098591549,3.046153846153846,130,HMM,70-30
0.6242236024844721,2.7724137931034485,145,HMM,70-30
0.5585331452750353,2.2,180,HMM,70-30
0.5916030534351145,2.4093264248704664,193,HMM,70-30
0.5818414322250639,2.3096446700507616,197,HMM,70-30
0.620199146514936,2.691358024691358,162,HMM,70-30
0.6022253129346314,2.4055555555555554,180,HMM,70-30
0.6211699164345403,2.8050314465408803,159,HMM,70-30
0.6024242424242424,2.730769230769231,182,HMM,70-30
0.6293969849246231,3.0180722891566263,166,HMM,70-30
0.634180790960452,2.721212121212121,165,HMM,70-30
0.6032388663967612,2.6294117647058823,170,HMM,70-30
0.6191117092866757,2.4598930481283423,187,HMM,70-30
0.596078431372549,2.4385026737967914,187,HMM,70-30
0.6026315789473684,2.9358974358974357,156,HMM,70-30
0.5924895688456189,2.3535911602209945,181,HMM,70-30
0.64822695035461,3.335766423357664,137,HMM,70-30
0.5955983493810179,2.291005291005291,189,HMM,70-30
0.6149341142020498,2.896551724137931,145,HMM,70-30
0.6547619047619048,3.3221476510067114,149,HMM,70-30
0.6327913279132791,2.882716049382716,162,HMM,70-30
0.6134453781512605,2.7547169811320753,159,HMM,70-30
0.6305031446540881,2.9703703703703703,135,HMM,70-30
0.6178977272727273,2.543859649122807,171,HMM,70-30
0.5723951285520974,1.9493087557603688,217,HMM,70-30
0.6008230452674898,2.591715976331361,169,HMM,70-30
0.6157337367624811,2.907142857142857,140,HMM,70-30
0.6114519427402862,2.265151515151515,264,HMM,70-30
0.6589861751152074,3.4047619047619047,126,HMM,70-30
0.5909631391200951,2.269406392694064,219,HMM,70-30
0.5865921787709497,2.3863636363636362,220,HMM,70-30
0.6060975609756097,2.84,175,HMM,70-30
0.5970654627539503,2.5071090047393363,211,HMM,70-30
0.5906499429874572,2.2327586206896552,232,HMM,70-30
0.6140904311251314,2.821256038647343,207,HMM,70-30
0.591812865497076,2.5555555555555554,198,HMM,70-30
0.6094808126410836,2.535211267605634,213,HMM,70-30
0.6429404900816803,3.2411764705882353,170,HMM,70-30
0.6140939597315436,2.589622641509434,212,HMM,70-30
0.6114570361145704,2.5978835978835977,189,HMM,70-30
0.602996254681648,2.6685082872928176,181,HMM,70-30
0.6389214536928488,2.711442786069652,201,HMM,70-30
0.6021857923497268,2.5868544600938965,213,HMM,70-30
0.6269925611052072,2.7314814814814814,216,HMM,70-30
0.6187050359712231,2.789189189189189,185,HMM,70-30
0.6548571428571428,3.2556818181818183,176,HMM,70-30
0.5950118764845606,2.1228813559322033,236,HMM,70-30
0.6370967741935484,2.5841121495327104,214,HMM,70-30
0.6140939597315436,2.786802030456853,197,HMM,70-30
0.5833333333333334,2.5339366515837103,221,HMM,70-30
0.6421173762945915,2.748768472906404,203,HMM,70-30
0.6137931034482759,2.4722222222222223,180,HMM,70-30
0.6040540540540541,2.5838150289017343,173,HMM,70-30
0.6172680412371134,2.6464088397790055,181,HMM,70-30
0.5809018567639257,2.212121212121212,198,HMM,70-30
0.5980392156862745,2.772727272727273,176,HMM,70-30
0.6078199052132701,2.5396039603960396,202,HMM,70-30
0.5882352941176471,2.2,200,HMM,70-30
0.6195928753180662,2.6324324324324326,185,HMM,70-30
0.5706214689265536,2.3352601156069364,173,HMM,70-30
0.6226415094339622,2.75,144,HMM,70-30
0.6219312602291326,3.1147540983606556,122,HMM,70-30
0.6413427561837456,2.4863013698630136,146,HMM,70-30
0.6376021798365122,3.295774647887324,142,HMM,70-30
0.5989159891598916,2.5113636363636362,176,HMM,70-30
0.5980113636363636,2.6815286624203822,157,HMM,70-30
0.6080206985769728,2.4479166666666665,192,HMM,70-30
0.6033254156769596,2.384976525821596,213,HMM,70-30
0.6749174917491749,3.5565217391304347,115,HMM,70-30
0.6179159049360147,2.2993197278911564,147,HMM,70-30
0.6234309623430963,3.0,149,HMM,70-30
0.6507009345794392,3.459627329192547,161,HMM,70-30
0.607871720116618,2.6392405063291138,158,HMM,70-30
0.6086350974930362,2.6484848484848484,165,HMM,70-30
0.6153846153846154,2.5242718446601944,206,HMM,70-30
0.6144756277695717,2.2127659574468086,188,HMM,70-30
0.6096207215541165,2.449814126394052,269,HMM,70-30
0.6189801699716714,2.875,152,HMM,70-30
0.6014492753623188,2.1065989847715736,197,HMM,70-30
0.5953259532595326,2.2830188679245285,212,HMM,70-30
0.6708160442600276,3.9430894308943087,123,HMM,70-30
0.6205533596837944,2.587912087912088,182,HMM,70-30
0.5908571428571429,2.238095238095238,231,HMM,70-30
0.5857142857142857,2.49746192893401,197,HMM,70-30
0.5975,2.212962962962963,216,HMM,70-30
0.5987096774193549,2.241545893719807,207,HMM,70-30
0.6005398110661269,2.5428571428571427,175,HMM,70-30
0.5534246575342465,2.2076502732240435,183,HMM,70-30
0.6027397260273972,2.262857142857143,175,HMM,70-30
0.5796460176991151,2.0389105058365757,257,HMM,70-30
0.6171003717472119,2.3714285714285714,210,HMM,70-30
0.5787545787545788,2.4060913705583755,197,HMM,70-30
0.5925925925925926,2.4269662921348316,178,HMM,70-30
0.6220472440944882,2.6779661016949152,177,HMM,70-30
0.5911602209944752,2.33879781420765,183,HMM,70-30
0.6337386018237082,3.2578125,128,HMM,70-30
0.5933147632311978,2.3027027027027027,185,HMM,70-30
0.6129476584022039,2.4860335195530725,179,HMM,70-30
0.6120576671035387,2.394871794871795,195,HMM,70-30
0.6158536585365854,2.786206896551724,145,HMM,70-30
0.6006884681583476,2.3741496598639458,147,HMM,70-30
0.6215334420880914,2.683098591549296,142,HMM,70-30
0.6229985443959243,2.532544378698225,169,HMM,70-30
0.6269956458635704,2.918918918918919,148,HMM,70-30
0.6047548291233283,2.437125748502994,167,HMM,70-30
0.6519607843137255,3.911764705882353,34,HMM,70-30
0.6394557823129252,2.9936305732484074,157,HMM,70-30
0.6203271028037384,2.6029411764705883,204,HMM,70-30
0.5987654320987654,2.7401129943502824,177,HMM,70-30
0.607940446650124,2.5789473684210527,285,HMM,70-30
0.5673534072900158,2.196319018404908,163,HMM,70-30
0.6506602641056423,3.1695906432748537,171,HMM,70-30
0.5831265508684863,2.303921568627451,204,HMM,70-30
0.6302083333333334,2.659340659340659,182,HMM,70-30
0.6453055141579732,3.9724770642201834,109,HMM,70-30
0.6256038647342995,3.1779141104294477,163,HMM,70-30
0.5778781038374717,2.169491525423729,236,HMM,70-30
0.6166219839142091,2.690058479532164,171,HMM,70-30
0.5681233933161953,2.145631067961165,206,HMM,70-30
0.6314496314496314,2.988372093023256,172,HMM,70-30
0.6040868454661558,2.642458100558659,179,HMM,70-30
0.5671447196870926,2.1534653465346536,202,HMM,70-30
0.6278447121820616,2.634831460674157,178,HMM,70-30
0.6,2.477064220183486,218,HMM,70-30
0.5933333333333334,2.4953271028037385,214,HMM,70-30
0.6120789779326364,2.4511627906976745,215,HMM,70-30
0.6018845700824499,2.675392670157068,191,HMM,70-30
0.5858585858585859,2.32,200,HMM,70-30
0.6568501920614597,3.2468354430379747,158,HMM,70-30
0.62002567394095,2.5691489361702127,188,HMM,70-30
0.6239782016348774,2.348717948717949,195,HMM,70-30
0.5874704491725768,2.3554502369668247,211,HMM,70-30
0.6243781094527363,2.6560846560846563,189,HMM,70-30
0.6181556195965417,2.6158536585365852,164,HMM,70-30
0.5910987482614742,2.514792899408284,169,HMM,70-30
0.6160583941605839,2.425287356321839,174,HMM,70-30
0.5782312925170068,2.401129943502825,177,HMM,70-30
0.6578947368421053,3.629032258064516,124,HMM,70-30
0.6599552572706935,4.041095890410959,73,HMM,70-30
0.5944055944055944,2.442528735632184,174,HMM,70-30
0.594327990135635,2.2211981566820276,217,HMM,70-30
0.6013904982618772,2.2964601769911503,226,HMM,70-30
0.5931972789115646,2.477272727272727,176,HMM,70-30
0.6256239600665557,2.7246376811594204,138,HMM,70-30
0.6033810143042913,2.4293193717277486,191,HMM,70-30
0.627906976744186,3.056603773584906,159,HMM,70-30
0.6070460704607046,2.604651162790698,172,HMM,70-30
0.6119402985074627,2.6,205,HMM,70-30
0.5923718712753278,2.4009661835748792,207,HMM,70-30
0.6418663303909206,3.4863013698630136,146,HMM,70-30
0.6037079953650057,2.3155555555555556,225,HMM,70-30
0.5843137254901961,2.403225806451613,186,HMM,70-30
0.6497695852534562,3.1508379888268156,179,HMM,70-30
0.677731673582296,7.777777777777778,63,RFLR,80-20
0.68375,8.415384615384616,65,RFLR,80-20
0.6627756160830091,8.810344827586206,58,RFLR,80-20
0.7230392156862745,11.346153846153847,52,RFLR,80-20
0.7192716236722306,13.941176470588236,34,RFLR,80-20
0.6946847960444994,9.21311475409836,61,RFLR,80-20
0.6938239159001314,9.428571428571429,56,RFLR,80-20
0.6733167082294265,8.307692307692308,65,RFLR,80-20
0.6789587852494577,11.592592592592593,54,RFLR,80-20
0.6736842105263158,8.258064516129032,62,RFLR,80-20
0.7332474226804123,10.942307692307692,52,RFLR,80-20
0.6537530266343826,6.8354430379746836,79,RFLR,80-20
0.6905615292712067,10.50909090909091,55,RFLR,80-20
0.6764346764346765,7.386666666666667,75,RFLR,80-20
0.6764331210191082,8.704918032786885,61,RFLR,80-20
0.6993865030674846,9.193548387096774,62,RFLR,80-20
0.6761433868974042,7.197368421052632,76,RFLR,80-20
0.7064676616915423,10.327272727272728,55,RFLR,80-20
0.6819727891156463,8.02,50,RFLR,80-20
0.6705882352941176,9.5,48,RFLR,80-20
0.7253694581280788,8.661764705882353,68,RFLR,80-20
0.7232037691401649,15.743589743589743,39,RFLR,80-20
0.7313829787234043,17.1875,32,RFLR,80-20
0.7240204429301533,10.625,40,RFLR,80-20
0.7297297297297297,10.8,50,RFLR,80-20
0.7139240506329114,12.818181818181818,44,RFLR,80-20
0.6590330788804071,7.848484848484849,66,RFLR,80-20
0.6893617021276596,7.967213114754099,61,RFLR,80-20
0.6991051454138703,8.445945945945946,74,RFLR,80-20
0.712707182320442,12.0,43,RFLR,80-20
0.7295208655332303,11.512195121951219,41,RFLR,80-20
0.7,9.704545454545455,44,RFLR,80-20
0.69375,10.090909090909092,44,RFLR,80-20
0.6445086705202312,6.371428571428571,70,RFLR,80-20
0.6864931846344485,10.072727272727272,55,RFLR,80-20
0.692524682651622,8.614035087719298,57,RFLR,80-20
0.6887052341597796,9.090909090909092,55,RFLR,80-20
0.6509635974304069,8.0,76,RFLR,80-20
0.7037037037037037,10.766666666666667,60,RFLR,80-20
0.672077922077922,7.481927710843373,83,RFLR,80-20
0.6915322580645161,11.827586206896552,29,RFLR,80-20
0.5631399317406144,5.689655172413793,58,RFLR,80-20
0.7196428571428571,10.605263157894736,38,RFLR,80-20
0.7184466019417476,12.0,37,RFLR,80-20
0.6550522648083623,6.163934426229508,61,RFLR,80-20
0.7022160664819944,9.941176470588236,51,RFLR,80-20
0.7763157894736842,22.476190476190474,21,RFLR,80-20
0.7031746031746032,9.844444444444445,45,RFLR,80-20
0.6912751677852349,11.444444444444445,36,RFLR,80-20
0.6619718309859155,8.8125,48,RFLR,80-20
0.7161961367013373,9.64,50,RFLR,80-20
0.6623376623376623,7.285714285714286,56,RFLR,80-20
0.6284153005464481,7.1875,48,RFLR,80-20
0.7203947368421053,14.129032258064516,31,RFLR,80-20
0.6595289079229122,10.266666666666667,30,RFLR,80-20
0.6559139784946236,9.085106382978724,47,RFLR,80-20
0.6661237785016286,11.685714285714285,35,RFLR,80-20
0.6967930029154519,8.535714285714286,56,RFLR,80-20
0.672316384180791,12.205128205128204,39,RFLR,80-20
0.6947368421052632,8.516129032258064,62,RFLR,80-20
0.7221458046767538,15.0,35,RFLR,80-20
0.7165697674418605,10.270833333333334,48,RFLR,80-20
0.6699463327370304,8.141304347826088,92,RFLR,80-20
0.7264516129032258,14.075,40,RFLR,80-20
0.6408345752608048,6.323529411764706,68,RFLR,80-20
0.7198660714285714,10.75,60,RFLR,80-20
0.689280868385346,8.912280701754385,57,RFLR,80-20
0.7308228730822873,10.916666666666666,48,RFLR,80-20
0.7594501718213058,13.0,51,RFLR,80-20
0.6485148514851485,7.82089552238806,67,RFLR,80-20
0.7151095732410612,12.916666666666666,48,RFLR,80-20
0.6706302021403091,8.294117647058824,68,RFLR,80-20
0.6437054631828979,6.3023255813953485,86,RFLR,80-20
0.6557575757575758,10.018518518518519,54,RFLR,80-20
0.6465863453815262,9.907692307692308,65,RFLR,80-20
0.7064555420219245,10.0,58,RFLR,80-20
0.7082352941176471,13.377777777777778,45,RFLR,80-20
0.6653019447287615,8.024691358024691,81,RFLR,80-20
0.6787564766839378,8.733333333333333,60,RFLR,80-20
0.678117048346056,8.075757575757576,66,RFLR,80-20
0.6218905472636815,8.064516129032258,62,RFLR,80-20
0.682219419924338,8.074626865671641,67,RFLR,80-20
0.7391304347826086,13.73076923076923,26,RFLR,80-20
0.6533127889060092,8.833333333333334,48,RFLR,80-20
0.684010152284264,8.555555555555555,63,RFLR,80-20
0.722488038277512,10.981818181818182,55,RFLR,80-20
0.6773296244784422,7.161764705882353,68,RFLR,80-20
0.6957787481804949,7.836065573770492,61,RFLR,80-20
0.6679012345679012,11.51063829787234,47,RFLR,80-20
0.6567796610169492,7.75,60,RFLR,80-20
0.6814404432132964,8.945454545454545,55,RFLR,80-20
0.6979166666666666,10.11320754716981,53,RFLR,80-20
0.7019230769230769,10.428571428571429,49,RFLR,80-20
0.6426470588235295,8.74,50,RFLR,80-20
0.6765536723163842,7.725806451612903,62,RFLR,80-20
0.7153502235469449,14.117647058823529,34,RFLR,80-20
0.723404255319149,12.0,51,RFLR,80-20
0.6882430647291942,11.840909090909092,44,RFLR,80-20
0.6847345132743363,6.877777777777778,90,RFLR,80-20
0.7157232704402515,10.160714285714286,56,RFLR,80-20
0.6620370370370371,7.15,60,RFLR,80-20
0.6705202312138728,8.055555555555555,72,RFLR,80-20
0.7271573604060914,9.879310344827585,58,RFLR,80-20
0.7181818181818181,13.825,40,RFLR,80-20
0.7245817245817245,12.511111111111111,45,RFLR,80-20
0.6842783505154639,8.85,60,RFLR,80-20
0.6762860727728983,11.229166666666666,48,RFLR,80-20
0.6612612612612613,7.808510638297872,47,RFLR,80-20
0.6702127659574468,8.042553191489361,47,RFLR,80-20
0.7093889716840537,10.577777777777778,45,RFLR,80-20
0.6579310344827586,6.913043478260869,69,RFLR,80-20
0.726507713884993,9.418181818181818,55,RFLR,80-20
0.6903409090909091,9.169811320754716,53,RFLR,80-20
0.6865021770682148,6.661971830985915,71,RFLR,80-20
0.6768211920529801,10.872340425531915,47,RFLR,80-20
0.6404657933042213,7.586206896551724,58,RFLR,80-20
0.6821480406386067,9.215686274509803,51,RFLR,80-20
0.6947368421052632,8.8,60,RFLR,80-20
0.7002967359050445,8.74074074074074,54,RFLR,80-20
0.6938775510204082,8.095238095238095,63,RFLR,80-20
0.6938775510204082,13.6,30,RFLR,80-20
0.7358490566037735,13.65,40,RFLR,80-20
0.6858877086494689,9.416666666666666,48,RFLR,80-20
0.6864864864864865,9.071428571428571,56,RFLR,80-20
0.6787878787878788,9.333333333333334,60,RFLR,80-20
0.6742514970059881,9.383333333333333,60,RFLR,80-20
0.6680716543730242,7.925,80,RFLR,80-20
0.6679151061173533,10.490196078431373,51,RFLR,80-20
0.6802973977695167,10.358490566037736,53,RFLR,80-20
0.7076205287713841,11.375,40,RFLR,80-20
0.6880733944954128,11.538461538461538,39,RFLR,80-20
0.7146814404432132,10.97872340425532,47,RFLR,80-20
0.7165021156558533,12.7,40,RFLR,80-20
0.7093469910371318,11.08,50,RFLR,80-20
0.6413690476190477,7.981481481481482,54,RFLR,80-20
0.6684118673647469,8.511111111111111,45,RFLR,80-20
0.7181208053691275,9.511111111111111,45,RFLR,80-20
0.7074303405572755,12.35135135135135,37,RFLR,80-20
0.719188767550702,8.232142857142858,56,RFLR,80-20
0.6719883889695211,8.903846153846153,52,RFLR,80-20
0.6675712347354138,7.935483870967742,62,RFLR,80-20
0.6528189910979229,6.3768115942028984,69,RFLR,80-20
0.71,11.55813953488372,43,RFLR,80-20
0.7559808612440191,12.81081081081081,37,RFLR,80-20
0.6835820895522388,13.878787878787879,33,RFLR,80-20
0.6769456681350955,7.948275862068965,58,RFLR,80-20
0.71,8.477611940298507,67,RFLR,80-20
0.6606929510155317,9.065573770491802,61,RFLR,80-20
0.6893854748603352,10.824561403508772,57,RFLR,80-20
0.6934557979334098,9.901639344262295,61,RFLR,80-20
0.6588235294117647,9.333333333333334,54,RFLR,80-20
0.6881851400730816,7.434210526315789,76,RFLR,80-20
0.6881594372801876,10.120689655172415,58,RFLR,80-20
0.7294685990338164,11.325,40,RFLR,80-20
0.6893617021276596,9.918367346938776,49,RFLR,80-20
0.6794682422451994,10.0,46,RFLR,80-20
0.661134163208852,8.241379310344827,58,RFLR,80-20
0.6981132075471698,11.452380952380953,42,RFLR,80-20
0.6850393700787402,9.49090909090909,55,RFLR,80-20
0.6296715741789355,9.928571428571429,56,RFLR,70-30
0.5868055555555556,9.135135135135135,37,RFLR,70-30
0.5877192982456141,11.166666666666666,48,RFLR,70-30
0.5665829145728644,6.094594594594595,74,RFLR,70-30
0.5674698795180723,13.083333333333334,36,RFLR,70-30
0.6533700137551581,9.313725490196079,51,RFLR,70-30
0.6087786259541985,7.8765432098765435,81,RFLR,70-30
0.5797752808988764,9.923076923076923,52,RFLR,70-30
0.6258919469928644,9.303030303030303,66,RFLR,70-30
0.5964912280701754,7.846153846153846,65,RFLR,70-30
0.5672969966629589,7.7272727272727275,66,RFLR,70-30
0.6241299303944315,8.966666666666667,60,RFLR,70-30
0.6470588235294118,9.482758620689655,58,RFLR,70-30
0.5276679841897233,6.846153846153846,78,RFLR,70-30
0.5873563218390805,7.742424242424242,66,RFLR,70-30
0.5995203836930456,7.352941176470588,68,RFLR,70-30
0.5760517799352751,8.612903225806452,62,RFLR,70-30
0.6012658227848101,7.125,80,RFLR,70-30
0.576969696969697,6.52054794520548,73,RFLR,70-30
0.5687732342007435,8.826923076923077,52,RFLR,70-30
0.6273849607182941,8.873015873015873,63,RFLR,70-30
0.6133333333333333,12.432432432432432,37,RFLR,70-30
0.6057347670250897,11.522727272727273,44,RFLR,70-30
0.6024691358024692,7.2835820895522385,67,RFLR,70-30
0.5595913734392736,6.943661971830986,71,RFLR,70-30
0.5928994082840237,7.260869565217392,69,RFLR,70-30
0.6355382619974059,8.75,56,RFLR,70-30
0.6270783847980997,11.478260869565217,46,RFLR,70-30
0.5744125326370757,6.3768115942028984,69,RFLR,70-30
0.5759717314487632,8.01639344262295,61,RFLR,70-30
0.5735461801596351,7.984126984126984,63,RFLR,70-30
0.5907928388746803,6.416666666666667,72,RFLR,70-30
0.5707317073170731,7.090909090909091,66,RFLR,70-30
0.616361071932299,11.5,38,RFLR,70-30
0.5727136431784108,6.821428571428571,56,RFLR,70-30
0.6062271062271062,9.194444444444445,36,RFLR,70-30
0.637987012987013,10.916666666666666,36,RFLR,70-30
0.617231638418079,14.566666666666666,30,RFLR,70-30
0.5850144092219021,7.8076923076923075,52,RFLR,70-30
0.5716374269005848,6.982142857142857,56,RFLR,70-30
0.611353711790393,8.936170212765957,47,RFLR,70-30
0.5899390243902439,8.0625,48,RFLR,70-30
0.6251896813353566,9.80952380952381,42,RFLR,70-30
0.5435483870967742,6.127272727272727,55,RFLR,70-30
0.6336779911373708,9.127659574468085,47,RFLR,70-30
0.6042944785276073,8.565217391304348,46,RFLR,70-30
0.6252747252747253,7.6891891891891895,74,RFLR,70-30
0.5758998435054773,9.68421052631579,38,RFLR,70-30
0.6304347826086957,9.44186046511628,43,RFLR,70-30
0.5980253878702397,9.217391304347826,46,RFLR,70-30
0.5712468193384224,7.015625,64,RFLR,70-30
0.6086956521739131,8.981132075471699,53,RFLR,70-30
0.6102418207681366,7.944444444444445,54,RFLR,70-30
0.6036161335187761,7.614035087719298,57,RFLR,70-30
0.5389972144846796,6.046875,64,RFLR,70-30
0.6315151515151515,12.116279069767442,43,RFLR,70-30
0.6206030150753769,7.967741935483871,62,RFLR,70-30
0.6073446327683616,10.487804878048781,41,RFLR,70-30
0.5897435897435898,6.828125,64,RFLR,70-30
0.629878869448183,11.142857142857142,42,RFLR,70-30
0.6183006535947713,7.507936507936508,63,RFLR,70-30
0.5460526315789473,7.155172413793103,58,RFLR,70-30
0.6189151599443672,12.027027027027026,37,RFLR,70-30
0.5716312056737589,8.574468085106384,47,RFLR,70-30
0.6203576341127923,9.804347826086957,46,RFLR,70-30
0.6090775988286969,9.244444444444444,45,RFLR,70-30
0.5608465608465608,7.186440677966102,59,RFLR,70-30
0.6138211382113821,7.55,60,RFLR,70-30
0.5840336134453782,7.315789473684211,57,RFLR,70-30
0.5550314465408805,6.303571428571429,56,RFLR,70-30
0.5852272727272727,6.983050847457627,59,RFLR,70-30
0.6048714479025711,8.596153846153847,52,RFLR,70-30
0.5486968449931413,8.88888888888889,45,RFLR,70-30
0.6550680786686838,13.53125,32,RFLR,70-30
0.6022494887525562,8.414285714285715,70,RFLR,70-30
0.5622119815668203,8.133333333333333,45,RFLR,70-30
0.539833531510107,7.2063492063492065,63,RFLR,70-30
0.5731843575418994,6.333333333333333,81,RFLR,70-30
0.6207317073170732,11.837209302325581,43,RFLR,70-30
0.6049661399548533,9.925925925925926,54,RFLR,70-30
0.5769669327251995,9.73076923076923,52,RFLR,70-30
0.6088328075709779,6.655172413793103,87,RFLR,70-30
0.6081871345029239,7.7611940298507465,67,RFLR,70-30
0.5846501128668171,6.7272727272727275,77,RFLR,70-30
0.6406067677946324,8.714285714285714,63,RFLR,70-30
0.5973154362416108,8.34375,64,RFLR,70-30
0.5877957658779577,7.737704918032787,61,RFLR,70-30
0.6104868913857678,8.431034482758621,58,RFLR,70-30
0.6107854630715123,6.946666666666666,75,RFLR,70-30
0.5737704918032787,7.835820895522388,67,RFLR,70-30
0.5812964930924548,7.493150684931507,73,RFLR,70-30
0.6306954436450839,11.688888888888888,45,RFLR,70-30
0.5691428571428572,7.323529411764706,68,RFLR,70-30
0.6401425178147269,9.625,56,RFLR,70-30
0.5564516129032258,6.2727272727272725,77,RFLR,70-30
0.6252796420581656,10.96078431372549,51,RFLR,70-30
0.55,6.947368421052632,76,RFLR,70-30
0.5891829689298044,6.918918918918919,74,RFLR,70-30
0.593103448275862,8.26923076923077,52,RFLR,70-30
0.5891891891891892,11.179487179487179,39,RFLR,70-30
0.5786082474226805,7.126984126984127,63,RFLR,70-30
0.616710875331565,8.773584905660377,53,RFLR,70-30
0.5477941176470589,6.478260869565218,69,RFLR,70-30
0.6090047393364929,9.017543859649123,57,RFLR,70-30
0.5401069518716578,8.416666666666666,48,RFLR,70-30
0.5585241730279898,5.9324324324324325,74,RFLR,70-30
0.5988700564971752,9.86046511627907,43,RFLR,70-30
0.5613207547169812,7.595744680851064,47,RFLR,70-30
0.6563011456628478,9.78048780487805,41,RFLR,70-30
0.6325088339222615,10.529411764705882,34,RFLR,70-30
0.5885558583106267,6.260869565217392,69,RFLR,70-30
0.6260162601626016,10.266666666666667,45,RFLR,70-30
0.5738636363636364,10.1,40,RFLR,70-30
0.6002587322121604,9.872340425531915,47,RFLR,70-30
0.5950118764845606,10.02,50,RFLR,70-30
0.5874587458745875,8.476190476190476,42,RFLR,70-30
0.5904936014625228,6.46,50,RFLR,70-30
0.6317991631799164,8.711538461538462,52,RFLR,70-30
0.5852803738317757,8.637931034482758,58,RFLR,70-30
0.5845481049562682,9.113636363636363,44,RFLR,70-30
0.5891364902506964,9.4,45,RFLR,70-30
0.6319526627218935,8.476190476190476,63,RFLR,70-30
0.620384047267356,11.35135135135135,37,RFLR,70-30
0.5698427382053654,7.512195121951219,82,RFLR,70-30
0.5779036827195467,6.8,60,RFLR,70-30
0.5927536231884057,8.18,50,RFLR,70-30
0.6014760147601476,6.791666666666667,72,RFLR,70-30
0.6002766251728907,7.3559322033898304,59,RFLR,70-30
0.5823451910408433,7.620689655172414,58,RFLR,70-30
0.5771428571428572,8.706896551724139,58,RFLR,70-30
0.638095238095238,11.652173913043478,46,RFLR,70-30
0.5975,7.3538461538461535,65,RFLR,70-30
0.5780645161290323,6.588235294117647,68,RFLR,70-30
0.6005398110661269,10.113636363636363,44,RFLR,70-30
0.5315068493150685,5.705882352941177,68,RFLR,70-30
0.589041095890411,11.727272727272727,33,RFLR,70-30
0.5608407079646017,7.242857142857143,70,RFLR,70-30
0.6319702602230484,11.333333333333334,45,RFLR,70-30
0.5653235653235653,7.015151515151516,66,RFLR,70-30
0.6186556927297668,9.204081632653061,49,RFLR,70-30
0.6115485564304461,10.590909090909092,44,RFLR,70-30
0.5828729281767956,7.4035087719298245,57,RFLR,70-30
0.5820668693009119,5.984375,64,RFLR,70-30
0.6183844011142061,7.52542372881356,59,RFLR,70-30
0.6088154269972452,10.523809523809524,42,RFLR,70-30
0.6055045871559633,7.573770491803279,61,RFLR,70-30
0.614329268292683,8.224489795918368,49,RFLR,70-30
0.6265060240963856,7.74468085106383,47,RFLR,70-30
0.6215334420880914,8.86046511627907,43,RFLR,70-30
0.6055312954876274,11.555555555555555,36,RFLR,70-30
0.5979680696661829,6.866666666666666,60,RFLR,70-30
0.6805349182763745,10.904761904761905,42,RFLR,70-30
0.5686274509803921,9.666666666666666,12,RFLR,70-30
0.6108843537414966,8.98,50,RFLR,70-30
0.594626168224299,9.980392156862745,51,RFLR,70-30
0.582716049382716,8.90566037735849,53,RFLR,70-30
0.607940446650124,9.30379746835443,79,RFLR,70-30
0.572107765451664,6.9423076923076925,52,RFLR,70-30
0.602641056422569,8.964285714285714,56,RFLR,70-30
0.6166253101736973,9.377358490566039,53,RFLR,70-30
0.6158854166666666,7.390625,64,RFLR,70-30
0.6035767511177347,8.26530612244898,49,RFLR,70-30
0.5797101449275363,7.619047619047619,63,RFLR,70-30
0.5880361173814899,8.540983606557377,61,RFLR,70-30
0.532171581769437,5.1558441558441555,77,RFLR,70-30
0.6041131105398457,9.038461538461538,52,RFLR,70-30
0.6056511056511057,9.30188679245283,53,RFLR,70-30
0.5925925925925926,7.138461538461539,65,RFLR,70-30
0.6166883963494133,9.653061224489797,49,RFLR,70-30
0.6184738955823293,9.058823529411764,51,RFLR,70-30
0.6355555555555555,11.215686274509803,51,RFLR,70-30
0.5855555555555556,7.422535211267606,71,RFLR,70-30
0.5876887340301974,7.7846153846153845,65,RFLR,70-30
0.5512367491166078,5.7073170731707314,82,RFLR,70-30
0.5972222222222222,8.75925925925926,54,RFLR,70-30
0.6081946222791293,10.795454545454545,44,RFLR,70-30
0.6264441591784339,8.271186440677965,59,RFLR,70-30
0.5694822888283378,7.084745762711864,59,RFLR,70-30
0.5839243498817966,7.841269841269841,63,RFLR,70-30
0.6032338308457711,8.220338983050848,59,RFLR,70-30
0.590778097982709,10.789473684210526,38,RFLR,70-30
0.5632823365785814,8.1,50,RFLR,70-30
0.5357664233576642,5.318840579710145,69,RFLR,70-30
0.6299319727891156,17.14814814814815,27,RFLR,70-30
0.5789473684210527,7.333333333333333,54,RFLR,70-30
0.6017897091722595,6.404761904761905,42,RFLR,70-30
0.5958041958041959,10.142857142857142,42,RFLR,70-30
0.562268803945746,6.514285714285714,70,RFLR,70-30
0.5816917728852838,6.693333333333333,75,RFLR,70-30
0.5768707482993197,8.313725490196079,51,RFLR,70-30
0.632279534109817,9.268292682926829,41,RFLR,70-30
0.5344603381014305,5.269230769230769,78,RFLR,70-30
0.5943152454780362,8.214285714285714,56,RFLR,70-30
0.5691056910569106,7.368421052631579,57,RFLR,70-30
0.6119402985074627,7.838235294117647,68,RFLR,70-30
0.5947556615017878,7.796875,64,RFLR,70-30
0.6305170239596469,7.575757575757576,66,RFLR,70-30
0.6152954808806489,8.85,60,RFLR,70-30
0.5830065359477125,7.433333333333334,60,RFLR,70-30
0.5691244239631337,9.148148148148149,54,RFLR,70-30
0.7053941908713693,15.9375,32,Sticky HMM,80-20
0.73875,20.379310344827587,29,Sticky HMM,80-20
0.7016861219195849,13.525,40,Sticky HMM,80-20
0.7083333333333334,18.0625,32,Sticky HMM,80-20
0.7344461305007587,20.166666666666668,24,Sticky HMM,80-20
0.7713226205191595,44.57142857142857,14,Sticky HMM,80-20
0.7371879106438897,24.391304347826086,23,Sticky HMM,80-20
0.7094763092269327,16.257142857142856,35,Sticky HMM,80-20
0.6832971800433839,14.651162790697674,43,Sticky HMM,80-20
0.7486842105263158,33.470588235294116,17,Sticky HMM,80-20
0.759020618556701,32.72222222222222,18,Sticky HMM,80-20
0.6924939467312349,15.88888888888889,36,Sticky HMM,80-20
0.7431302270011948,20.06451612903226,31,Sticky HMM,80-20
0.7277167277167277,29.8,20,Sticky HMM,80-20
0.7044585987261146,29.105263157894736,19,Sticky HMM,80-20
0.7460122699386503,26.434782608695652,23,Sticky HMM,80-20
0.7404202719406675,27.227272727272727,22,Sticky HMM,80-20
0.7313432835820896,18.375,32,Sticky HMM,80-20
0.7465986394557823,25.823529411764707,17,Sticky HMM,80-20
0.7397058823529412,21.869565217391305,23,Sticky HMM,80-20
0.7327586206896551,22.037037037037038,27,Sticky HMM,80-20
0.7102473498233216,18.272727272727273,33,Sticky HMM,80-20
0.7247340425531915,20.185185185185187,27,Sticky HMM,80-20
0.7734241908006815,41.27272727272727,11,Sticky HMM,80-20
0.7675675675675676,21.037037037037038,27,Sticky HMM,80-20
0.7278481012658228,26.136363636363637,22,Sticky HMM,80-20
0.6972010178117048,13.365853658536585,41,Sticky HMM,80-20
0.7262411347517731,19.692307692307693,26,Sticky HMM,80-20
0.7248322147651006,17.05263157894737,38,Sticky HMM,80-20
0.7472375690607734,24.59090909090909,22,Sticky HMM,80-20
0.7650695517774343,30.9375,16,Sticky HMM,80-20
0.7098360655737705,18.041666666666668,24,Sticky HMM,80-20
0.7625,40.666666666666664,12,Sticky HMM,80-20
0.7239884393063584,20.875,24,Sticky HMM,80-20
0.6939281288723668,14.736842105263158,38,Sticky HMM,80-20
0.7263751763046544,19.074074074074073,27,Sticky HMM,80-20
0.7300275482093664,15.588235294117647,34,Sticky HMM,80-20
0.7516059957173448,28.08,25,Sticky HMM,80-20
0.7440087145969498,31.045454545454547,22,Sticky HMM,80-20
0.6926406926406926,16.41025641025641,39,Sticky HMM,80-20
0.7116935483870968,22.0625,16,Sticky HMM,80-20
0.6774744027303754,9.925,40,Sticky HMM,80-20
0.7428571428571429,37.81818181818182,11,Sticky HMM,80-20
0.7459546925566343,23.05,20,Sticky HMM,80-20
0.7334494773519163,20.047619047619047,21,Sticky HMM,80-20
0.7146814404432132,22.434782608695652,23,Sticky HMM,80-20
0.743421052631579,16.142857142857142,28,Sticky HMM,80-20
0.7523809523809524,24.94736842105263,19,Sticky HMM,80-20
0.7567114093959731,22.55,20,Sticky HMM,80-20
0.7480438184663537,22.761904761904763,21,Sticky HMM,80-20
0.6894502228826151,13.647058823529411,34,Sticky HMM,80-20
0.7094155844155844,15.607142857142858,28,Sticky HMM,80-20
0.7122040072859745,24.4375,16,Sticky HMM,80-20
0.7615131578947368,19.291666666666668,24,Sticky HMM,80-20
0.7494646680942184,38.888888888888886,9,Sticky HMM,80-20
0.7158218125960062,15.533333333333333,30,Sticky HMM,80-20
0.7166123778501629,12.941176470588236,34,Sticky HMM,80-20
0.7128279883381924,19.56,25,Sticky HMM,80-20
0.6991525423728814,18.333333333333332,27,Sticky HMM,80-20
0.7302631578947368,21.346153846153847,26,Sticky HMM,80-20
0.7414030261348006,15.852941176470589,34,Sticky HMM,80-20
0.7165697674418605,30.8125,16,Sticky HMM,80-20
0.7146690518783542,17.369565217391305,46,Sticky HMM,80-20
0.7587096774193548,34.588235294117645,17,Sticky HMM,80-20
0.7153502235469449,20.0,24,Sticky HMM,80-20
0.7611607142857143,28.416666666666668,24,Sticky HMM,80-20
0.7435549525101763,18.896551724137932,29,Sticky HMM,80-20
0.7880055788005579,37.666666666666664,15,Sticky HMM,80-20
0.7445589919816724,21.666666666666668,30,Sticky HMM,80-20
0.7487623762376238,24.2,25,Sticky HMM,80-20
0.7393310265282583,27.869565217391305,23,Sticky HMM,80-20
0.7312722948870393,24.6,25,Sticky HMM,80-20
0.7220902612826603,23.384615384615383,26,Sticky HMM,80-20
0.7442424242424243,27.90909090909091,22,Sticky HMM,80-20
0.7329317269076305,16.59090909090909,44,Sticky HMM,80-20
0.7003654080389768,19.166666666666668,30,Sticky HMM,80-20
0.7270588235294118,25.75,24,Sticky HMM,80-20
0.7226202661207779,15.347826086956522,46,Sticky HMM,80-20
0.7435233160621761,23.916666666666668,24,Sticky HMM,80-20
0.7010178117048346,17.21875,32,Sticky HMM,80-20
0.75,24.12,25,Sticky HMM,80-20
0.7175283732660782,18.35483870967742,31,Sticky HMM,80-20
0.7453416149068323,27.692307692307693,13,Sticky HMM,80-20
0.7087827426810478,18.4,25,Sticky HMM,80-20
0.7271573604060914,19.1,30,Sticky HMM,80-20
0.7559808612440191,23.40740740740741,27,Sticky HMM,80-20
0.694019471488178,11.880952380952381,42,Sticky HMM,80-20
0.7117903930131004,17.464285714285715,28,Sticky HMM,80-20
0.7419753086419754,26.130434782608695,23,Sticky HMM,80-20
0.713276836158192,17.413793103448278,29,Sticky HMM,80-20
0.7299168975069252,21.958333333333332,24,Sticky HMM,80-20
0.7317708333333334,29.57894736842105,19,Sticky HMM,80-20
0.6936813186813187,12.625,40,Sticky HMM,80-20
0.7147058823529412,14.294117647058824,34,Sticky HMM,80-20
0.75,24.136363636363637,22,Sticky HMM,80-20
0.7526080476900149,20.2,25,Sticky HMM,80-20
0.7304964539007093,20.6,30,Sticky HMM,80-20
0.6988110964332893,19.59259259259259,27,Sticky HMM,80-20
0.6803097345132744,11.60377358490566,53,Sticky HMM,80-20
0.7383647798742138,20.24137931034483,29,Sticky HMM,80-20
0.7438271604938271,25.36842105263158,19,Sticky HMM,80-20
0.730635838150289,18.58823529411765,34,Sticky HMM,80-20
0.7385786802030457,24.25,24,Sticky HMM,80-20
0.7103896103896103,17.64516129032258,31,Sticky HMM,80-20
0.7438867438867439,30.42105263157895,19,Sticky HMM,80-20
0.6997422680412371,11.081632653061224,49,Sticky HMM,80-20
0.7202007528230866,20.5,28,Sticky HMM,80-20
0.7225225225225225,15.423076923076923,26,Sticky HMM,80-20
0.725177304964539,29.214285714285715,14,Sticky HMM,80-20
0.7421758569299552,21.652173913043477,23,Sticky HMM,80-20
0.7186206896551725,16.28125,32,Sticky HMM,80-20
0.7335203366058906,21.791666666666668,24,Sticky HMM,80-20
0.7130681818181818,13.944444444444445,36,Sticky HMM,80-20
0.7851959361393324,20.037037037037038,27,Sticky HMM,80-20
0.7218543046357616,18.79310344827586,29,Sticky HMM,80-20
0.7001455604075691,16.033333333333335,30,Sticky HMM,80-20
0.6879535558780842,16.344827586206897,29,Sticky HMM,80-20
0.7197368421052631,34.1875,16,Sticky HMM,80-20
0.7225519287833828,23.19047619047619,21,Sticky HMM,80-20
0.7129251700680272,17.466666666666665,30,Sticky HMM,80-20
0.6989795918367347,17.869565217391305,23,Sticky HMM,80-20
0.7574123989218329,21.615384615384617,26,Sticky HMM,80-20
0.7071320182094082,14.121212121212121,33,Sticky HMM,80-20
0.7,16.1875,32,Sticky HMM,80-20
0.7357575757575757,18.96875,32,Sticky HMM,80-20
0.7497005988023953,28.454545454545453,22,Sticky HMM,80-20
0.6965226554267651,17.394736842105264,38,Sticky HMM,80-20
0.7415730337078652,22.0,27,Sticky HMM,80-20
0.7360594795539034,23.76,25,Sticky HMM,80-20
0.6982892690513219,14.03125,32,Sticky HMM,80-20
0.7262996941896025,20.652173913043477,23,Sticky HMM,80-20
0.739612188365651,22.25,24,Sticky HMM,80-20
0.7291960507757405,18.464285714285715,28,Sticky HMM,80-20
0.7426376440460948,23.2,25,Sticky HMM,80-20
0.6949404761904762,12.621621621621621,37,Sticky HMM,80-20
0.7452006980802792,35.583333333333336,12,Sticky HMM,80-20
0.7181208053691275,14.758620689655173,29,Sticky HMM,80-20
0.6981424148606811,17.346153846153847,26,Sticky HMM,80-20
0.7675507020280812,28.941176470588236,17,Sticky HMM,80-20
0.7285921625544267,21.82608695652174,23,Sticky HMM,80-20
0.7177747625508819,22.041666666666668,24,Sticky HMM,80-20
0.7136498516320475,26.72222222222222,18,Sticky HMM,80-20
0.7142857142857143,20.833333333333332,24,Sticky HMM,80-20
0.7767145135566188,24.35,20,Sticky HMM,80-20
0.7119402985074627,15.387096774193548,31,Sticky HMM,80-20
0.7562408223201175,27.105263157894736,19,Sticky HMM,80-20
0.77,22.0,28,Sticky HMM,80-20
0.7395459976105138,26.91304347826087,23,Sticky HMM,80-20
0.7508379888268156,26.88,25,Sticky HMM,80-20
0.7370838117106774,21.4,30,Sticky HMM,80-20
0.7398692810457517,20.962962962962962,27,Sticky HMM,80-20
0.7222898903775883,16.47222222222222,36,Sticky HMM,80-20
0.7198124267291911,23.615384615384617,26,Sticky HMM,80-20
0.7455716586151369,25.72222222222222,18,Sticky HMM,80-20
0.724822695035461,17.033333333333335,30,Sticky HMM,80-20
0.7740029542097489,47.63636363636363,11,Sticky HMM,80-20
0.7219917012448133,26.1,20,Sticky HMM,80-20
0.7532656023222061,34.6,15,Sticky HMM,80-20
0.6758530183727034,14.305555555555555,36,Sticky HMM,80-20
0.6013590033975085,19.666666666666668,27,Sticky HMM,70-30
0.5850694444444444,10.212121212121213,33,Sticky HMM,70-30
0.6195175438596491,20.178571428571427,28,Sticky HMM,70-30
0.6080402010050251,14.235294117647058,34,Sticky HMM,70-30
0.6253012048192771,14.82857142857143,35,Sticky HMM,70-30
0.6162310866574966,26.352941176470587,17,Sticky HMM,70-30
0.6192748091603053,12.245283018867925,53,Sticky HMM,70-30
0.6101123595505618,15.514285714285714,35,Sticky HMM,70-30
0.6320081549439348,17.22222222222222,36,Sticky HMM,70-30
0.6140350877192983,13.461538461538462,39,Sticky HMM,70-30
0.6551724137931034,21.814814814814813,27,Sticky HMM,70-30
0.6566125290023201,17.151515151515152,33,Sticky HMM,70-30
0.6247058823529412,12.642857142857142,42,Sticky HMM,70-30
0.6067193675889329,10.964285714285714,56,Sticky HMM,70-30
0.6057471264367816,14.63888888888889,36,Sticky HMM,70-30
0.6067146282973621,10.326530612244898,49,Sticky HMM,70-30
0.6785329018338727,33.10526315789474,19,Sticky HMM,70-30
0.6276371308016878,13.837209302325581,43,Sticky HMM,70-30
0.6339393939393939,13.763157894736842,38,Sticky HMM,70-30
0.6047087980173482,14.352941176470589,34,Sticky HMM,70-30
0.6520763187429854,21.51851851851852,27,Sticky HMM,70-30
0.7066666666666667,26.5,20,Sticky HMM,70-30
0.5902031063321386,10.977777777777778,45,Sticky HMM,70-30
0.6839506172839506,25.181818181818183,22,Sticky HMM,70-30
0.5766174801362088,11.28888888888889,45,Sticky HMM,70-30
0.6272189349112426,16.5625,32,Sticky HMM,70-30
0.648508430609598,16.666666666666668,30,Sticky HMM,70-30
0.6401425178147269,18.586206896551722,29,Sticky HMM,70-30
0.6383812010443864,20.375,24,Sticky HMM,70-30
0.6360424028268551,14.210526315789474,38,Sticky HMM,70-30
0.6488027366020525,17.242424242424242,33,Sticky HMM,70-30
0.6265984654731458,17.5,28,Sticky HMM,70-30
0.6024390243902439,17.642857142857142,28,Sticky HMM,70-30
0.6262341325811002,14.32258064516129,31,Sticky HMM,70-30
0.6506746626686657,31.0,14,Sticky HMM,70-30
0.6007326007326007,17.263157894736842,19,Sticky HMM,70-30
0.5762987012987013,11.451612903225806,31,Sticky HMM,70-30
0.5988700564971752,10.871794871794872,39,Sticky HMM,70-30
0.5864553314121037,8.306122448979592,49,Sticky HMM,70-30
0.6739766081871345,25.61111111111111,18,Sticky HMM,70-30
0.6462882096069869,23.36842105263158,19,Sticky HMM,70-30
0.6402439024390244,22.105263157894736,19,Sticky HMM,70-30
0.6267071320182094,14.241379310344827,29,Sticky HMM,70-30
0.6306451612903226,16.291666666666668,24,Sticky HMM,70-30
0.6085672082717873,12.875,32,Sticky HMM,70-30
0.6211656441717791,15.576923076923077,26,Sticky HMM,70-30
0.6296703296703297,12.733333333333333,45,Sticky HMM,70-30
0.5477308294209703,8.974358974358974,39,Sticky HMM,70-30
0.6242236024844721,19.142857142857142,21,Sticky HMM,70-30
0.5571227080394923,10.972222222222221,36,Sticky HMM,70-30
0.628498727735369,17.03448275862069,29,Sticky HMM,70-30
0.6202046035805626,18.653846153846153,26,Sticky HMM,70-30
0.6458036984352774,16.814814814814813,27,Sticky HMM,70-30
0.6522948539638387,23.45,20,Sticky HMM,70-30
0.5668523676880223,10.175,40,Sticky HMM,70-30
0.6703030303030303,22.12,25,Sticky HMM,70-30
0.6042713567839196,10.23404255319149,47,Sticky HMM,70-30
0.6581920903954802,24.526315789473685,19,Sticky HMM,70-30
0.5668016194331984,10.76923076923077,39,Sticky HMM,70-30
0.6554508748317631,20.291666666666668,24,Sticky HMM,70-30
0.5947712418300654,18.2,25,Sticky HMM,70-30
0.5710526315789474,8.346153846153847,52,Sticky HMM,70-30
0.6425591098748261,19.25,24,Sticky HMM,70-30
0.6,15.107142857142858,28,Sticky HMM,70-30
0.6203576341127923,15.033333333333333,30,Sticky HMM,70-30
0.6120058565153733,14.413793103448276,29,Sticky HMM,70-30
0.6349206349206349,16.551724137931036,29,Sticky HMM,70-30
0.6531165311653117,22.952380952380953,21,Sticky HMM,70-30
0.634453781512605,15.1,30,Sticky HMM,70-30
0.5959119496855346,11.484848484848484,33,Sticky HMM,70-30
0.59375,9.28888888888889,45,Sticky HMM,70-30
0.5953991880920162,13.333333333333334,33,Sticky HMM,70-30
0.644718792866941,26.11111111111111,18,Sticky HMM,70-30
0.6565809379727685,25.529411764705884,17,Sticky HMM,70-30
0.5920245398773006,12.866666666666667,45,Sticky HMM,70-30
0.642089093701997,34.833333333333336,12,Sticky HMM,70-30
0.6159334126040428,11.02127659574468,47,Sticky HMM,70-30
0.6134078212290502,12.767441860465116,43,Sticky HMM,70-30
0.6109756097560975,14.735294117647058,34,Sticky HMM,70-30
0.6320541760722348,18.666666666666668,30,Sticky HMM,70-30
0.621436716077537,19.464285714285715,28,Sticky HMM,70-30
0.6393270241850684,17.37142857142857,35,Sticky HMM,70-30
0.6116959064327485,11.622222222222222,45,Sticky HMM,70-30
0.6128668171557562,13.923076923076923,39,Sticky HMM,70-30
0.6067677946324388,13.68421052631579,38,Sticky HMM,70-30
0.6085011185682326,15.542857142857143,35,Sticky HMM,70-30
0.6114570361145704,17.535714285714285,28,Sticky HMM,70-30
0.634207240948814,15.875,32,Sticky HMM,70-30
0.6143024618991794,13.789473684210526,38,Sticky HMM,70-30
0.6076502732240437,12.636363636363637,44,Sticky HMM,70-30
0.6269925611052072,18.4375,32,Sticky HMM,70-30
0.6558752997601919,32.1764705882353,17,Sticky HMM,70-30
0.6,14.18918918918919,37,Sticky HMM,70-30
0.649643705463183,18.862068965517242,29,Sticky HMM,70-30
0.618663594470046,11.673913043478262,46,Sticky HMM,70-30
0.6308724832214765,15.666666666666666,36,Sticky HMM,70-30
0.6072916666666667,17.147058823529413,34,Sticky HMM,70-30
0.6570771001150748,16.794117647058822,34,Sticky HMM,70-30
0.6386206896551724,19.291666666666668,24,Sticky HMM,70-30
0.6202702702702703,27.0,17,Sticky HMM,70-30
0.6224226804123711,14.205882352941176,34,Sticky HMM,70-30
0.6286472148541115,17.555555555555557,27,Sticky HMM,70-30
0.5686274509803921,11.047619047619047,42,Sticky HMM,70-30
0.6445497630331753,12.952380952380953,42,Sticky HMM,70-30
0.6122994652406417,13.085714285714285,35,Sticky HMM,70-30
0.5979643765903307,17.40740740740741,27,Sticky HMM,70-30
0.6398305084745762,22.65,20,Sticky HMM,70-30
0.6194968553459119,15.76,25,Sticky HMM,70-30
0.5859247135842881,13.25925925925926,27,Sticky HMM,70-30
0.6590106007067138,16.954545454545453,22,Sticky HMM,70-30
0.659400544959128,21.043478260869566,23,Sticky HMM,70-30
0.6043360433604336,13.515151515151516,33,Sticky HMM,70-30
0.5965909090909091,15.0,28,Sticky HMM,70-30
0.6235446313065977,22.952380952380953,21,Sticky HMM,70-30
0.6247030878859857,19.48148148148148,27,Sticky HMM,70-30
0.6023102310231023,18.25,20,Sticky HMM,70-30
0.6160877513711152,16.047619047619047,21,Sticky HMM,70-30
0.6080892608089261,16.14814814814815,27,Sticky HMM,70-30
0.6320093457943925,16.393939393939394,33,Sticky HMM,70-30
0.607871720116618,20.85,20,Sticky HMM,70-30
0.6155988857938719,17.68,25,Sticky HMM,70-30
0.6568047337278107,25.227272727272727,22,Sticky HMM,70-30
0.6366322008862629,18.73913043478261,23,Sticky HMM,70-30
0.6179463459759482,16.29268292682927,41,Sticky HMM,70-30
0.669971671388102,19.708333333333332,24,Sticky HMM,70-30
0.6376811594202898,17.6,25,Sticky HMM,70-30
0.6605166051660517,31.58823529411765,17,Sticky HMM,70-30
0.5933609958506224,11.916666666666666,36,Sticky HMM,70-30
0.6482213438735178,20.5,24,Sticky HMM,70-30
0.6137142857142858,13.425,40,Sticky HMM,70-30
0.6321428571428571,17.129032258064516,31,Sticky HMM,70-30
0.61875,19.03846153846154,26,Sticky HMM,70-30
0.5961290322580645,16.5,28,Sticky HMM,70-30
0.650472334682861,16.620689655172413,29,Sticky HMM,70-30
0.584931506849315,10.675,40,Sticky HMM,70-30
0.60882800608828,12.5,32,Sticky HMM,70-30
0.6261061946902655,13.804878048780488,41,Sticky HMM,70-30
0.654275092936803,16.0,33,Sticky HMM,70-30
0.5641025641025641,10.266666666666667,45,Sticky HMM,70-30
0.6364883401920439,14.06060606060606,33,Sticky HMM,70-30
0.5826771653543307,15.857142857142858,28,Sticky HMM,70-30
0.6408839779005525,18.56,25,Sticky HMM,70-30
0.6170212765957447,15.615384615384615,26,Sticky HMM,70-30
0.6504178272980501,16.678571428571427,28,Sticky HMM,70-30
0.6225895316804407,17.384615384615383,26,Sticky HMM,70-30
0.6212319790301442,23.7,20,Sticky HMM,70-30
0.5914634146341463,9.023255813953488,43,Sticky HMM,70-30
0.6333907056798623,21.647058823529413,17,Sticky HMM,70-30
0.6590538336052202,20.2,20,Sticky HMM,70-30
0.6564774381368268,14.548387096774194,31,Sticky HMM,70-30
0.6458635703918723,17.8,25,Sticky HMM,70-30
0.6463595839524517,20.714285714285715,21,Sticky HMM,70-30
0.6225490196078431,14.11111111111111,9,Sticky HMM,70-30
0.6299319727891156,16.535714285714285,28,Sticky HMM,70-30
0.6086448598130841,20.84,25,Sticky HMM,70-30
0.6098765432098765,15.935483870967742,31,Sticky HMM,70-30
0.6286186931348222,26.20689655172414,29,Sticky HMM,70-30
0.6148969889064976,13.379310344827585,29,Sticky HMM,70-30
0.6650660264105642,26.38095238095238,21,Sticky HMM,70-30
0.641439205955335,27.210526315789473,19,Sticky HMM,70-30
0.6223958333333334,19.12,25,Sticky HMM,70-30
0.5827123695976155,11.17142857142857,35,Sticky HMM,70-30
0.642512077294686,22.166666666666668,24,Sticky HMM,70-30
0.608352144469526,15.852941176470589,34,Sticky HMM,70-30
0.6112600536193029,16.285714285714285,28,Sticky HMM,70-30
0.5732647814910026,12.054054054054054,37,Sticky HMM,70-30
0.6547911547911548,21.32,25,Sticky HMM,70-30
0.5977011494252874,12.64864864864865,37,Sticky HMM,70-30
0.6388526727509778,16.896551724137932,29,Sticky HMM,70-30
0.6131191432396251,13.470588235294118,34,Sticky HMM,70-30
0.6344444444444445,24.82608695652174,23,Sticky HMM,70-30
0.6244444444444445,14.05,40,Sticky HMM,70-30
0.6027874564459931,18.535714285714285,28,Sticky HMM,70-30
0.6643109540636042,25.636363636363637,22,Sticky HMM,70-30
0.6073232323232324,15.03125,32,Sticky HMM,70-30
0.5992317541613317,14.625,32,Sticky HMM,70-30
0.6264441591784339,15.25,32,Sticky HMM,70-30
0.6198910081743869,12.63888888888889,36,Sticky HMM,70-30
0.6477541371158393,17.125,32,Sticky HMM,70-30
0.6094527363184079,14.848484848484848,33,Sticky HMM,70-30
0.6167146974063401,12.228571428571428,35,Sticky HMM,70-30
0.6022253129346314,11.702702702702704,37,Sticky HMM,70-30
0.6087591240875913,11.27027027027027,37,Sticky HMM,70-30
0.6394557823129252,31.333333333333332,15,Sticky HMM,70-30
0.5877192982456141,9.804878048780488,41,Sticky HMM,70-30
0.6845637583892618,25.5,12,Sticky HMM,70-30
0.6503496503496503,17.884615384615383,26,Sticky HMM,70-30
0.6362515413070283,21.5,24,Sticky HMM,70-30
0.6222479721900348,17.322580645161292,31,Sticky HMM,70-30
0.5768707482993197,15.142857142857142,28,Sticky HMM,70-30
0.6672212978369384,44.55555555555556,9,Sticky HMM,70-30
0.5617685305591678,9.391304347826088,46,Sticky HMM,70-30
0.6020671834625323,16.06896551724138,29,Sticky HMM,70-30
0.6341463414634146,20.347826086956523,23,Sticky HMM,70-30
0.6498277841561424,20.214285714285715,28,Sticky HMM,70-30
0.5971394517282479,18.555555555555557,27,Sticky HMM,70-30
0.6279949558638083,17.17241379310345,29,Sticky HMM,70-30
0.6245654692931634,16.333333333333332,33,Sticky HMM,70-30
0.6130718954248366,14.212121212121213,33,Sticky HMM,70-30
0.6048387096774194,12.5,42,Sticky HMM,70-30
